URL,Internal PageRank
https://seotrio.com/,0.028425560475075686
https://seotrio.com/iletisim/,0.028425560475075686
https://seotrio.com/seo-egitimi/,0.028425560475075686
https://seotrio.com/ekibimiz/,0.028425560475075686
https://seotrio.com/site-degeri-hesaplama/,0.028425560475075686
https://seotrio.com/donusum-orani-optimizasyonu/,0.028425560475075686
https://seotrio.com/performans-odakli-reklam-danismanligi/,0.028425560475075686
https://seotrio.com/kurumsal-seo-danismanligi/,0.028425560475075686
https://seotrio.com/seo-danismanligi/,0.028425560475075686
https://seotrio.com/seo-fiyatlari/,0.028425560475075686
https://seotrio.com/hakkimizda/,0.028425560475075686
https://seotrio.com/siralama-faktorleri/,0.028425560475075686
https://seotrio.com/birebir-seo-egitimi/,0.028425560475075686
https://seotrio.com/seo-uyumlu-icerik/,0.028425560475075686
https://seotrio.com/seo-sozlugu/,0.028425560475075686
https://seotrio.com/wp-content/uploads/2024/07/anahtar-kelime.webp,0.028425560475075686
https://seotrio.com/blog/,0.028425560475075686
https://wa.me/+905442179393,0.010662574916607407
https://www.youtube.com/@maliyassi,0.010643094083167392
https://www.instagram.com/maliyassi/,0.010643094083167392
https://tr.linkedin.com/in/mehmet-ali-yassı,0.009544958060567713
https://x.com/mehmetaliyassi,0.007244101632263625
https://seotrio.com/anahtar-kelime-bulma/,0.0030114457633040933
https://seotrio.com/htaccess/,0.0029563214281419893
https://seotrio.com/site-mimarisi/,0.0029217961471500837
https://seotrio.com/yinelenen-icerik/,0.0028072057912449187
https://seotrio.com/site-haritasi/,0.00276656196341444
https://seotrio.com/seo/arama-motorlari-nasil-calisir,0.0027440986458140406
https://seotrio.com/seo/seo-nedir,0.002666481162939412
https://seotrio.com/cache/,0.002555816848621738
https://seotrio.com/seo/anahtar-kelime-nedir,0.0023921398542913457
https://seotrio.com/anahtar-kelime-nedir/,0.0021925730806720113
https://seotrio.com/schema-org/,0.002140841849490564
https://seotrio.com/seo/meta-etiketleri,0.002120651351121905
https://seotrio.com/seo/arama-niyeti,0.002108728901262166
https://seotrio.com/seo-sozlugu/page/23/,0.002099257118358564
https://seotrio.com/seo/siralama-faktorleri,0.002046877394927712
https://seotrio.com/tarama-butcesi/,0.0020467897267688402
https://seotrio.com/user-intent-nedir/,0.0020274441990933943
https://seotrio.com/yonlendirme-dongusu-nedir/,0.002025505902372677
https://seotrio.com/bulten-108/,0.001999599010149914
https://seotrio.com/ucretli-trafik-nedir/,0.0019968102141627413
https://seotrio.com/yeni-kullanici-nedir/,0.0019746775342556824
https://seotrio.com/uluslararasi-seo-nedir/,0.001945624206632757
https://seotrio.com/yer-nedir/,0.0019285548083403476
https://seotrio.com/meta-description/,0.0019094146335228697
https://seotrio.com/site-hizi/,0.0019041049609876542
https://seotrio.com/backlink/,0.001902034869698776
https://seotrio.com/bulten-107/,0.0019012335108056233
https://seotrio.com/bulten-105/,0.0019012335108056233
https://seotrio.com/bulten-106/,0.0019012335108056233
https://seotrio.com/yandex-metrica-nedir/,0.0018848490848123612
https://seotrio.com/utm-nedir/,0.0018682065101303757
https://seotrio.com/seo/seo-uyumlu-icerik,0.0018635173538109283
https://seotrio.com/gorseller/,0.0018281899352455633
https://www.linkedin.com/company/seotrio,0.0018198312425599435
https://www.facebook.com/seotriocom,0.0018198312425599435
https://twitter.com/mehmetaliyassi,0.0018198312425599435
https://seotrio.com/ahrefs/,0.001816751260416433
https://seotrio.com/seo-uzmani/,0.0017998049807433753
https://seotrio.com/mobil-uyumluluk/,0.0017946746607608042
https://seotrio.com/uygulamalar-nedir/,0.0017933149254083037
https://seotrio.com/yonlendirme-zinciri-nedir/,0.0017416104453307913
https://seotrio.com/meta-title/,0.001736812540022572
https://seotrio.com/navboost-nedir/,0.0016952045243872969
https://seotrio.com/blog/page/3/,0.0016940306665004705
https://seotrio.com/blog/page/5/,0.0016940306665004705
https://seotrio.com/seo-sozlugu/page/3/,0.001660541362098717
https://seotrio.com/semrush/,0.0016550594033742404
https://seotrio.com/seo/anahtar-kelime-bulma,0.001653552482383687
https://ekitap.seotrio.com/,0.0016508872390830704
https://seotrio.com/blog/page/2/,0.0016444003773988995
https://seotrio.com/seo-sozlugu/page/2/,0.0016385718678581162
https://seotrio.com/all-in-one-seo/,0.0015962867785925372
https://seotrio.com/hemen-cikma-orani/,0.0015517981209351498
https://seotrio.com/seo/meta-title,0.0015472704866353383
https://seotrio.com/meta-etiketleri/,0.0015311586302474032
https://seotrio.com/seo/site-hizi,0.001518770127747645
https://seotrio.com/seo/ic-linkleme,0.0015141242745702955
https://seotrio.com/seo/meta-description,0.001508917226223427
https://seotrio.com/seo/tiklama-orani,0.0014872478159997896
https://seotrio.com/seo/hemen-cikma-orani,0.0014847993848767656
https://seotrio.com/seo-nedir/,0.0014813204214108916
https://seotrio.com/seo/uzun-kuyruklu-anahtar-kelimeler,0.001462252370278856
https://seotrio.com/seo/icerik-denetimi,0.001462252370278856
https://seotrio.com/seo/mobil-uyumluluk,0.0014390745728013888
https://seotrio.com/seo/backlink/,0.001436694068526828
https://seotrio.com/seo/backlink,0.0013547275232998891
https://seotrio.com/content-gap/,0.0013295335552578724
https://seotrio.com/seo/site-mimarisi,0.0013253932076235768
https://seotrio.com/seo/site-haritasi/,0.001324437955044343
https://seotrio.com/featured-snippet/,0.001317941154166752
https://seotrio.com/seo/anchor-text,0.0012930275857531838
https://seotrio.com/seo/dofollow-vs-nofollow/,0.0012930275857531838
https://seotrio.com/seo/schema-org,0.0012879786084553592
https://seotrio.com/etkilesimli-icerik-nedir/,0.0012855946843362636
https://seotrio.com/seo/da-ve-pa-nedir/,0.0012743085008245546
https://seotrio.com/heading-etiketi-nedir/,0.0012716177154209712
https://seotrio.com/arama-niyeti/,0.0012710278254256645
https://seotrio.com/seo/lsi-nedir/,0.001246890709029677
https://seotrio.com/seo/gorseller/,0.001246890709029677
https://seotrio.com/keyword-density-nedir/,0.001240924478360205
https://seotrio.com/nofollow-baglanti-nofollow-link-nedir/,0.0012407223959437766
https://seotrio.com/meta-aciklamasi-siralamayi-etkiler-mi/,0.0012362195855838095
https://seotrio.com/ic-linkleme/,0.001235638442110834
https://seotrio.com/algoritma-nedir/,0.001232094608352159
https://seotrio.com/index-nedir/,0.0012303620306044162
https://seotrio.com/noindex-etiketi-nedir/,0.0012302711040921995
https://seotrio.com/session-nedir/,0.0012301972364091647
https://seotrio.com/meta-etiketleri-nedir/,0.001216457197756679
https://seotrio.com/cdn-nedir/,0.0012125898239994267
https://seotrio.com/outbound-link-nedir/,0.0012068356305096986
https://seotrio.com/off-page-seo-nedir/,0.0012064707169812962
https://seotrio.com/favicon-nedir/,0.0012054007033888445
https://seotrio.com/capraz-linkleme-nedir/,0.0012045552005655975
https://seotrio.com/bekleme-suresi/,0.0011971327336703088
https://seotrio.com/amp-nedir/,0.001191716937591839
https://seotrio.com/kullanici-dostu-nedir/,0.0011841522369192442
https://seotrio.com/serp-nedir/,0.001184111151795644
https://seotrio.com/blackhat-seo-nedir/,0.0011825871793116676
https://seotrio.com/link-insasi-nedir/,0.0011798451762864376
https://seotrio.com/da-nedir/,0.001177219147561285
https://seotrio.com/google-search-console/,0.0011731298903305118
https://seotrio.com/gtm-nedir/,0.0011699153940174629
https://seotrio.com/internal-link-nedir/,0.00116948669025442
https://seotrio.com/content-nedir/,0.0011689087747528476
https://seotrio.com/protokol-nedir/,0.0011676092497875893
https://seotrio.com/domain-uzantisi-nedir/,0.001166385919286421
https://seotrio.com/drop-off-rate-nedir/,0.0011654521404218998
https://seotrio.com/subdomain-nedir/,0.0011601836498411284
https://seotrio.com/url-kisaltma-nedir/,0.0011562658072821134
https://seotrio.com/ajax-nedir/,0.0011549679036822484
https://seotrio.com/evergreen-content-nedir/,0.0011525290244203388
https://seotrio.com/navigasyon-nedir/,0.0011507933295616733
https://seotrio.com/lsi-nedir-2/,0.0011493231875911595
https://seotrio.com/duplicate-content-nedir/,0.0011483898076325907
https://seotrio.com/pop-up-nedir/,0.0011472745760135483
https://seotrio.com/coklu-domain-yonetimi-nedir/,0.0011443251922449325
https://seotrio.com/above-the-fold-nedir/,0.0011441366444007656
https://seotrio.com/donusum-hunisi-nedir/,0.0011438141792721734
https://seotrio.com/image-sitemap-nedir/,0.0011431339082240656
https://seotrio.com/core-web-vitals/,0.0011408924443578716
https://seotrio.com/local-seo-nedir/,0.0011395383228805375
https://seotrio.com/pagerank-nedir/,0.0011391497422387903
https://seotrio.com/arama-sorgusu-nedir/,0.0011378043018345195
https://seotrio.com/citation-flow-nedir/,0.0011365484126057098
https://seotrio.com/parametreli-url-nedir/,0.0011362596014427824
https://seotrio.com/keyword-cannibalization-nedir/,0.0011344100637454718
https://seotrio.com/seo-nedir-3/,0.0011314342430876964
https://seotrio.com/rankbrain-nedir/,0.0011311609369249014
https://seotrio.com/seo-gorunurlugu-nedir/,0.0011304690736849842
https://seotrio.com/lsi-nedir/,0.0011298625139031676
https://seotrio.com/long-tail-keywords-nedir/,0.0011296766012883416
https://seotrio.com/infinite-scroll-nedir/,0.0011283375468762193
https://seotrio.com/ortalama-konum-nedir/,0.0011274234218590414
https://seotrio.com/cookie-nedir/,0.001126187650108515
https://seotrio.com/cro-nedir/,0.0011206377650294832
https://seotrio.com/arama-motoru-nedir/,0.0011184346776309578
https://seotrio.com/negatif-seo-nedir/,0.0011171337643199278
https://seotrio.com/engagement-nedir/,0.0011169127596383122
https://seotrio.com/indexing-nedir/,0.0011159565826873207
https://seotrio.com/path-subfolder-nedir/,0.0011155206565616833
https://seotrio.com/user-agent-komutu-nedir/,0.0011151530546732132
https://seotrio.com/meta-aciklamasi-nedir/,0.0011139200324843225
https://seotrio.com/broken-link-nedir/,0.0011111485044509287
https://seotrio.com/mobil-seo-nedir/,0.0011098502961620182
https://seotrio.com/konuk-yazarlik-nedir/,0.0011092619361257124
https://seotrio.com/referring-domain-degeri-nedir/,0.0011078684422276522
https://seotrio.com/disavow-tool-nedir/,0.001107768804049562
https://seotrio.com/javascript-nedir/,0.0011074266738250681
https://seotrio.com/domain-age-nedir/,0.0011073463477434859
https://seotrio.com/cikis-sayfasi-nedir/,0.0011070294105560551
https://seotrio.com/cerceve-nedir/,0.0011068580531767348
https://seotrio.com/dynamic-rendering-nedir/,0.0011060809530876198
https://seotrio.com/fcp-nedir/,0.001105986059032862
https://seotrio.com/hreflang-etiketi-nedir/,0.0011056148376630992
https://seotrio.com/google-analytics-nedir/,0.0011037205842463595
https://seotrio.com/erisilebilirlik-nedir/,0.0011010205528258002
https://seotrio.com/gzip-sikistirmasi-nedir/,0.0011006200163040363
https://seotrio.com/kategori-icerigi-nedir/,0.0010993665407768283
https://seotrio.com/cerez-politikasi-nedir/,0.001098203676336425
https://seotrio.com/gorunurluk-nedir/,0.00109741569858935
https://seotrio.com/ic-seo-nedir/,0.0010953476785571206
https://seotrio.com/alt-text-nedir/,0.0010942330167307537
https://seotrio.com/kirik-link-nedir/,0.0010913723984663226
https://seotrio.com/call-to-action-nedir/,0.001090103294876259
https://seotrio.com/html-sitemap-nedir/,0.0010899575443265854
https://seotrio.com/organik-arama-sonuclari-nedir/,0.0010891675919430742
https://seotrio.com/kullanici-yorumlari-nedir/,0.0010883519956920813
https://seotrio.com/aranma-hacmi-nedir/,0.0010860287378972073
https://seotrio.com/cctld-nedir/,0.0010851288904880458
https://seotrio.com/sunucu-nedir/,0.001084442296051118
https://seotrio.com/icerik-pazarlamasi-nedir/,0.0010827426219452577
https://seotrio.com/average-visit-duration-nedir/,0.0010822316768302142
https://seotrio.com/short-tail-keywords-nedir/,0.0010819769981096185
https://seotrio.com/indeksleme-nedir/,0.001081608480025297
https://seotrio.com/gri-sapka-seo-nedir/,0.001081598499508873
https://seotrio.com/paravan-blog-nedir/,0.001081526682064016
https://seotrio.com/error-404-nedir/,0.001080539576537772
https://seotrio.com/sayfa-hizi-nedir/,0.0010803267119852081
https://seotrio.com/sayfa-otoritesi-nedir/,0.0010791871556901414
https://seotrio.com/dogal-backlink-nedir/,0.0010791209293429644
https://seotrio.com/ip-nedir/,0.00107803350929868
https://seotrio.com/google-discover-nedir/,0.0010775342678013256
https://seotrio.com/tiklama-orani/,0.0010759072055899965
https://seotrio.com/robots-txt/,0.0010752419311868446
https://seotrio.com/aso-nedir/,0.0010747739258969143
https://seotrio.com/deep-link-nedir/,0.0010736087530149375
https://seotrio.com/h1-nedir/,0.0010734479345456316
https://seotrio.com/css-sprite-nedir/,0.0010698776460403442
https://seotrio.com/url-nedir/,0.0010687483346672735
https://seotrio.com/bot-nedir/,0.001066235133476014
https://seotrio.com/mozrank-nedir/,0.0010603079497360016
https://seotrio.com/cache-nedir/,0.0010602430784349415
https://seotrio.com/blog-icerigi-nedir/,0.001060166508477972
https://seotrio.com/canonical-nedir/,0.001059728915049206
https://seotrio.com/anahtar-kelime-zorlugu/,0.0010595490188800728
https://seotrio.com/anahtar-kelime-yogunlugu-nedir/,0.001059286813599776
https://seotrio.com/bounce-rate-nedir/,0.0010580001641688637
https://seotrio.com/featured-snippets-nedir/,0.001056113719347473
https://seotrio.com/external-links-nedir/,0.0010553230912735906
https://seotrio.com/marka-sorgulari-nedir/,0.001054638018758594
https://seotrio.com/infografik-nedir/,0.001054472513977929
https://seotrio.com/hidden-links-nedir/,0.0010537751920792124
https://seotrio.com/dizin-optimizasyonu-nedir/,0.00105272753945761
https://seotrio.com/google-my-business-nedir/,0.001051243056132202
https://seotrio.com/cok-dilli-seo-nedir/,0.0010509287801090733
https://seotrio.com/h2-nedir/,0.0010508088882020064
https://seotrio.com/google-search-console-nedir/,0.0010505844239592265
https://seotrio.com/robots-txt-nedir/,0.0010498448744213334
https://seotrio.com/rich-snippets-nedir/,0.0010489032745828598
https://seotrio.com/drip-campaign-nedir/,0.0010483715810761332
https://seotrio.com/average-position-nedir/,0.0010475472081228907
https://seotrio.com/footer-link-nedir/,0.0010447612795196775
https://seotrio.com/gorsel-optimizasyonu-nedir/,0.0010425935104903274
https://seotrio.com/mikroformatlar-nedir/,0.0010425913179891487
https://seotrio.com/cloaking-nedir/,0.0010404480152264297
https://seotrio.com/metrikler-nedir/,0.0010361523040905637
https://seotrio.com/proxy-nedir/,0.0010352262681787528
https://seotrio.com/html-nedir/,0.0010349960051821592
https://seotrio.com/google-trends/,0.0010346180509375467
https://seotrio.com/arama-motorlari-nasil-calisir/,0.0010331403062830554
https://seotrio.com/css-nedir/,0.0010330676426273718
https://seotrio.com/elektronik-pazarlama-nedir/,0.0010294210901985379
https://seotrio.com/onbellekleme-nedir/,0.0010284471645302421
https://seotrio.com/keyword-stuffing-nedir/,0.0010266454272864906
https://seotrio.com/paid-search-nedir/,0.0010263000824996876
https://seotrio.com/one-cikan-snippet-nedir/,0.0010251940460590998
https://seotrio.com/ftp-nedir/,0.0010246688564161071
https://seotrio.com/nap-nedir/,0.001024434195280662
https://seotrio.com/exit-rate-nedir/,0.0010244245409822708
https://seotrio.com/natural-backlink-nedir/,0.0010244158774887562
https://seotrio.com/a-b-testi-nedir/,0.0010233376678534922
https://seotrio.com/ozellestirilmis-arama-nedir/,0.0010229475096046677
https://seotrio.com/dofollow-link-nedir/,0.0010224996671739648
https://seotrio.com/cift-tiklama-nedir/,0.0010217470622223372
https://seotrio.com/cikis-orani-nedir/,0.001021653322968807
https://seotrio.com/uzun-kuyruklu-anahtar-kelimeler/,0.0010200164272278788
https://seotrio.com/ekstra-anahtar-kelime-cesitlendirmesi-nedir/,0.001019597939238802
https://seotrio.com/keyword-nedir/,0.0010190853614225098
https://seotrio.com/lazy-loading-nedir/,0.0010187133430625572
https://seotrio.com/disallow-nedir/,0.0010176734279688736
https://seotrio.com/etkilesim-odakli-seo-nedir/,0.00101761729874958
https://seotrio.com/coklu-anahtar-kelime-stratejisi-nedir/,0.0010147953731406921
https://seotrio.com/compound-anchor-text-nedir/,0.0010120154338327239
https://seotrio.com/sponsored-etiketi-nedir/,0.0010119104442339998
https://seotrio.com/sitemap-nedir/,0.0010113900961949479
https://seotrio.com/hosting-server-nedir/,0.001011388632319311
https://seotrio.com/seo-kitaplari/,0.001009940323344719
https://seotrio.com/htaccess-nedir/,0.0010086113478616214
https://seotrio.com/pagination-etiketleri-nedir/,0.0010084987500456272
https://seotrio.com/brand-anchor-text-nedir/,0.0010080359696209799
https://seotrio.com/icerik-nedir/,0.0010072831151761315
https://seotrio.com/impression-nedir/,0.0010062226676318645
https://seotrio.com/googlebot-nedir/,0.0010031938342535372
https://seotrio.com/dofollow-vs-nofollow/,0.001000675942888994
https://seotrio.com/etkilesimli-reklamcilik-nedir/,0.0010005697411622503
https://seotrio.com/mobil-uyumluluk-nedir/,0.0010002900676586539
https://seotrio.com/client-side-rendering-nedir/,0.0009996003896168373
https://seotrio.com/da-ve-pa-nedir/,0.0009991791677884374
https://seotrio.com/nofollow-baglanti-nedir/,0.000998799738626581
https://seotrio.com/exact-match-anchor-text-nedir/,0.0009952219178276497
https://seotrio.com/optimize-edilmis-icerik-nedir/,0.0009951351195875285
https://seotrio.com/pogo-sticking-nedir/,0.000994689093251214
https://seotrio.com/dahili-baglantilar-nedir/,0.0009907623553857179
https://seotrio.com/erisim-reach-nedir/,0.000989491250720979
https://seotrio.com/etiket-bulutu-nedir/,0.0009892490843953368
https://seotrio.com/entity-based-seo-nedir/,0.0009868887121397766
https://seotrio.com/sem-nedir/,0.000985528251349942
https://seotrio.com/seo/ahrefs,0.0009833381630657552
https://seotrio.com/data-driven-seo-nedir/,0.0009816100063615978
https://seotrio.com/e-posta-listesi-segmentasyonu-nedir/,0.0009810547064980691
https://seotrio.com/ozel-url-yapilari-nedir/,0.0009801549719189759
https://seotrio.com/paid-traffic-nedir/,0.0009760826354860867
https://seotrio.com/lsi-nedir-3/,0.0009754059529295516
https://seotrio.com/musteri-yorumlari-nedir/,0.0009727520451790612
https://seotrio.com/bulten/,0.0009720414916828189
https://seotrio.com/otorite-skoru-nedir/,0.0009716817388848441
https://seotrio.com/on-page-seo-nedir/,0.0009715868268632114
https://seotrio.com/analitik-nedir/,0.000970380980030468
https://seotrio.com/backlink-nedir/,0.0009690652672149649
https://seotrio.com/responsive-nedir/,0.0009689165061018928
https://seotrio.com/dwell-time-nedir/,0.0009668891010263989
https://seotrio.com/pogo-sticking/,0.0009662728322442915
https://seotrio.com/breadcrumb-nedir/,0.0009661947096930237
https://seotrio.com/black-hat-link-insasi/,0.0009655897941114716
https://seotrio.com/etkilesim-orani-nedir/,0.0009643711634264574
https://seotrio.com/link-nedir/,0.0009632395464695835
https://seotrio.com/error-301-nedir/,0.0009625578177679022
https://seotrio.com/directory-submission-nedir/,0.0009616533406137355
https://seotrio.com/ssl-sertifikasi-nedir/,0.0009609275564165614
https://seotrio.com/fmp-nedir/,0.0009594680497336072
https://seotrio.com/conversion-rate-nedir/,0.000959446076977931
https://seotrio.com/screaming-frog/,0.0009587358128869528
https://seotrio.com/jump-link-nedir/,0.0009573464138102944
https://seotrio.com/seo/google-search-console,0.0009554368094178199
https://seotrio.com/gorsellerin-sikistirilmasi-nedir/,0.000948540848048756
https://seotrio.com/seo/semrush,0.0009433693394170542
https://seotrio.com/anchor-text-nedir/,0.000940718153371254
https://seotrio.com/organik-trafik-nedir/,0.0009384542034278907
https://seotrio.com/yoast/,0.0009370803502981762
https://seotrio.com/lighthouse-nedir/,0.0009359340965447343
https://seotrio.com/link-juice-nedir/,0.0009357867210787388
https://2h.com.tr/,0.0009345120346453054
https://seotrio.com/link-farm-nedir/,0.0009261282926925454
https://seotrio.com/icerik-denetimi/,0.0009234474261976742
https://seotrio.com/seo/tarama-butcesi,0.0009215868270559924
https://seotrio.com/seo/site-haritasi,0.0009205506700042087
https://seotrio.com/etki-alani-skoru-nedir/,0.0009195693192979579
https://seotrio.com/seo/yoast,0.0009123891564298089
https://seotrio.com/data-schema-nedir/,0.0009123581289133819
https://seotrio.com/seo/core-web-vitals,0.0009106949832079181
https://seotrio.com/link-bait-nedir/,0.0009085515799872949
https://seotrio.com/kullanici-nedir/,0.000907511401144483
https://seotrio.com/eat-nedir/,0.0009072718918599976
https://seotrio.com/anahtar-kelime/,0.0008986948921729791
https://seotrio.com/google-analytics/,0.0008970236272488013
https://seotrio.com/schema-nedir/,0.0008963090355726839
https://seotrio.com/anchor-text/,0.0008905977930926709
https://seotrio.com/blog/page/4/,0.0008887309165940405
https://seotrio.com/ozgun-icerik-nedir/,0.0008852811975398223
https://seotrio.com/seo-sozlugu/page/21/,0.0008829634920048335
https://seotrio.com/paravan-blog/,0.0008826994920595254
https://seotrio.com/seo-sozlugu/page/4/,0.000876626907761539
https://seotrio.com/dijital-itibar-yonetimi-nedir/,0.0008740630947648653
https://seotrio.com/seo/gorseller,0.0008734881362189729
https://seotrio.com/seo-sozlugu/page/22/,0.000861568361729592
https://seotrio.com/backrub-nedir/,0.0008540387968411552
https://seotrio.com/seo-sozlugu/page/5/,0.000853069498859571
https://seotrio.com/giden-baglanti-nedir/,0.0008509195735572673
https://seotrio.com/fid-nedir/,0.0008477182879620434
https://seotrio.com/seo/screaming-frog,0.0008402477506575678
https://seotrio.com/seo/cache,0.0008383732899356671
https://seotrio.com/seo-sozlugu/page/20/,0.000832954608498011
https://seotrio.com/seo/bekleme-suresi,0.0008313467995722444
https://seotrio.com/seo-sozlugu/page/19/,0.0008306728590802858
https://seotrio.com/seo-sozlugu/page/6/,0.0008303162815741506
https://seotrio.com/seo/anahtar-kelime-bulma/,0.0008295320342304783
https://seotrio.com/seo-sozlugu/page/7/,0.0008290786631999988
https://www.youtube.com/playlist?list=PLaqVtetWSaGjqNmHsH-_MwcB8RZeDXlq9,0.0008285794636882871
https://youtube.com/playlist?list=PLaqVtetWSaGjqNmHsH-_MwcB8RZeDXlq9&si=4GkbOOVtknegNSg1,0.0008285794636882871
https://seotrio.com/seo-sozlugu/page/18/,0.0008285594053118238
https://seotrio.com/seo-sozlugu/page/8/,0.0008284455371651558
https://seotrio.com/seo-sozlugu/page/17/,0.0008284421733210435
https://seotrio.com/seo-sozlugu/page/9/,0.0008283965813552991
https://seotrio.com/seo-sozlugu/page/16/,0.0008283833807842564
https://seotrio.com/seo-sozlugu/page/10/,0.0008283789766007042
https://seotrio.com/seo-sozlugu/page/15/,0.0008283787528303587
https://seotrio.com/seo-sozlugu/page/11/,0.0008283773715744866
https://seotrio.com/seo-sozlugu/page/14/,0.000828377098491177
https://seotrio.com/seo-sozlugu/page/13/,0.0008283769431355365
https://seotrio.com/seo-sozlugu/page/12/,0.0008283769320908785
https://seotrio.com/seo/robots-txt,0.000820223203800373
https://seotrio.com/seo/htaccess,0.0008167920116859023
https://www.google.com/webmasters/tools/crawl-url-parameters,0.0008068308704965443
http://www.siteadi.com/,0.0008068308704965443
https://seotrio.com/seo/anahtar-kelime-zorlugu,0.0008027571832105271
https://seotrio.com/seo/google-analytics,0.0007878118343160527
https://seotrio.com/seo/pogo-sticking,0.0007816604202349251
https://seotrio.com/seo-egitimi,0.0007804857659386634
https://search.google.com/test/mobile-friendly?utm_source=gws&utm_medium=onebox&utm_campaign=suit,0.0007803258994496354
https://indexinginsight.substack.com/p/new-study-after-190-days-since-last,0.0007764814779717208
https://www.linkedin.com/jobs/view/4232508148,0.0007764814779717208
https://www.linkedin.com/jobs/view/4233201910,0.0007764814779717208
https://www.linkedin.com/jobs/view/4234283757,0.0007764814779717208
https://www.linkedin.com/jobs/view/4232561531,0.0007764814779717208
https://www.linkedin.com/jobs/view/4216685647,0.0007755298052007182
https://mehmetaliyassi.com/icerik-odakli-seo-egitimi/,0.0007755298052007182
https://www.linkedin.com/jobs/view/4216639194,0.0007755298052007182
https://www.linkedin.com/jobs/view/4221250024,0.0007755298052007182
https://www.linkedin.com/jobs/view/4221170304,0.0007755298052007182
https://www.linkedin.com/jobs/view/4219573912,0.0007755298052007182
https://www.linkedin.com/jobs/view/4217270313,0.0007737932056768326
https://www.linkedin.com/jobs/view/4229003425,0.0007737932056768326
https://www.linkedin.com/jobs/view/4223831667,0.0007737932056768326
https://developers.google.com/search/blog/2025/05/app-deep-links,0.0007737932056768326
https://www.linkedin.com/jobs/view/4228680068,0.0007737932056768326
https://www.searchenginejournal.com/lessons-learned-from-auditing-websites/54367,0.0007737932056768326
https://www.linkedin.com/jobs/view/4208659783,0.0007737932056768326
https://www.youtube.com/watch?v=o415gen8xSM,0.0007737932056768326
https://www.linkedin.com/jobs/view/4223824449,0.0007737932056768326
https://www.linkedin.com/jobs/view/4224456878,0.0007737932056768326
https://www.linkedin.com/jobs/view/4230499633,0.0007737932056768326
https://www.linkedin.com/jobs/view/4212162695,0.0007737932056768326
https://www.linkedin.com/jobs/view/3853891927,0.0007737932056768326
https://blog.google/technology/safety-security/how-were-using-ai-to-combat-the-latest-scams/,0.0007737932056768326
https://validator.schema.org/,0.000772185086052955
https://www.rankranger.com/schema-markup-generator,0.000772185086052955
https://schema.org/docs/full.html,0.000772185086052955
https://technicalseo.com/tools/schema-markup-generator/,0.000772185086052955
https://schema.dev/schema-builder/,0.000772185086052955
https://seotrio.com/seo/site-hizi/,0.000771350628187653
https://seotrio.com/seo/meta-title/,0.000771350628187653
https://seotrio.com/seo/site-mimarisi/,0.000771350628187653
https://seotrio.com/seo/featured-snippet/,0.000771350628187653
https://seotrio.com/seo/mobil-uyumluluk/,0.000771350628187653
https://ahrefs.com/webmaster-tools,0.0007657663829463778
https://seotrio.com/seo/anahtar-kelime,0.0007657663829463778
https://ahrefs.com/blog/meta-description-study/,0.0007605616572827376
https://www.semrush.com/stats/,0.0007586860202244156
https://seotrio.com/seo/content-gap,0.0007586860202244156
https://seotrio.com/seo/arama-motorlari-nasil-calisir/,0.0007565016672694798
https://seotrio.com/seo/all-in-one-seo,0.0007484700709802174
https://analytics.google.com/analytics/web/demoAccount,0.0007470999962741107
http://www.robotstxt.org/db.html,0.0007470569237429333
https://developers.google.com/search/docs/advanced/robots/create-robots-txt,0.0007470569237429333
https://support.google.com/webmasters/answer/6062598?hl=tr,0.0007470569237429333
https://orneksite.com/dizin/robots.txt,0.0007470569237429333
https://subdomain.orneksite.com/robots.txt,0.0007470569237429333
https://orneksite.com/robots.txt,0.0007470569237429333
https://seotrio.com/seo/backlink-nedir,0.0007444241820054585
